nMDS_component_1,nMDS_component_2,cluster_number,timepoint
0.2761869946836851,3.046672000286908,1,20-10-12
-2.429239564508415,-1.9928259758937446,0,20-10-16
-3.475379178280149,-2.053820516546231,0,20-10-19
-4.15565220187465,0.71256593020498,0,20-11-25
7.934918407321676,-0.20468201182432103,2,20-11-02
-3.0003074516675534,0.019142425616170043,0,20-11-30
-0.014405357607225232,-0.9201160722825759,1,20-12-04
-1.3867794596277236,0.9161398339802389,1,20-12-11
-1.6343025643505789,3.1061389368942423,1,20-12-18
1.6719328266101379,2.255646125665257,1,20-12-21
5.682282995745944,-6.404904487022543,3,20-12-24
0.5307445535548544,1.52004381092162,1,20-12-28
