nMDS_component_1,nMDS_component_2,cluster_number,timepoint
-1.0346000792485586,4.536415529198783,1,20-10-12
-2.29145537786639,-0.29177998775261793,1,20-10-16
-2.7452553091583165,-1.575011655951096,1,20-10-19
-3.838350378549029,-2.154045845930385,1,20-11-25
5.493076081439218,5.029994627651298,0,20-11-02
-2.9025613796815577,-0.3339061444670392,1,20-11-30
1.4524066455457634,1.4882557020748854,1,20-12-04
-2.964786766327178,0.4418980725746363,1,20-12-11
-2.253544770869336,2.521941581532575,1,20-12-18
-1.098997930876864,2.334929587319844,1,20-12-21
5.02957634617935,-5.053280859876409,0,20-12-24
-0.3824865489514431,0.19494085775627065,1,20-12-28
-3.3081936262777685,-1.0672416911421885,1,20-09-21
-2.0250469780213374,0.08652322622915715,1,20-09-28
8.641832954147173,-1.7546603379145644,0,21-03-26
1.4254146941346497,2.9058365803467727,1,21-03-29
6.569866510412507,-3.2796001449999252,0,21-04-09
-0.370774090810811,-1.4643806940724318,1,21-05-21
-1.9320528137080821,-1.6197328981566803,1,21-08-02
-1.4640671815119874,-0.9470955044208864,1,21-08-06
